[
  {
    "name": "Config_2026-02-10",
    "identificacion": [
      "LLAVE_MAESTRA",
      "ID",
      "CARRERA",
      "MODALIDAD",
      "SEDE",
      "MATERIA",
      "DOCENTE",
      "COMISION"
    ],
    "numericas": [
      "La asignatura cumple con lo expresado en el programa analítico",
      "La bibliografía propuesta en el programa fue trabajada y utilizada a lo largo de la cursada",
      "Los materiales de estudio -bibliografía, videos, enlaces, etc.- en el aula virtual fueron de calidad, pertinentes y de fácil acceso.",
      "La comunicación con el/la docente a través de foros y/o mensajería fue fluida y mis consultas fueron respondidas en tiempo y forma.",
      "El uso del aula virtual fue útil para mi experiencia en la cursada.",
      "El docente demostró dominio de los contenidos de la materia",
      "Las explicaciones brindadas por el docente fueron claras y se presentaron de manera ordenada.",
      "Los contenidos trabajados en la materia se vinculan con situaciones reales o futuras de la práctica profesional.",
      "Los recursos utilizados en clase -presentaciones, materiales, plataformas- facilitaron la comprensión de los contenidos.",
      "Durante la clase, el docente propuso actividades que facilitan la comprensión y promovió la participación activa de los estudiantes",
      "El docente se mostró respetuoso y disponible para responder consultas y brindar orientación durante la cursada.",
      "Las evaluaciones -parciales, recuperatorios, final- se ajustaron a los contenidos abordados durante la materia.",
      "¿Cuánto considera que aprendió en esta materia?",
      "¿Cómo evalúa a la materia en términos generales?",
      "¿Cómo evalúa el desempeño general del/la docente durante la cursada?"
    ],
    "textoLibre": [
      "¿Cómo describirías tu experiencia general en la materia y/o con el docente?"
    ],
    "escalas": {},
    "created": "2026-02-10T20:01:39.721Z",
    "updated": "2026-02-10T20:01:39.721Z"
  }
]