[
  {
    "name": "enfermeria1",
    "identificacion": [
      "Respuesta",
      "Enviado el:",
      "Institución",
      "Departamento",
      "Curso",
      "Grupo",
      "ID",
      "Nombre completo",
      "Usuario",
      "Completado"
    ],
    "numericas": [
      "¿Consideras que el campus virtual facilitó la accesibilidad al contenido del curso y que las actividades propuestas fueron útiles para tu aprendizaje? ",
      "\r\n¿Cómo evaluarías el rol del docente en cuanto a las respuestas dadas en los foros de consultas?  ",
      "¿Cómo evaluarías el rol del docente en las clases dictadas por Zoom? _1",
      "\r\n¿La asignatura específica de tu carrera te proporcionó un buen acercamiento a los contenidos de la misma y te preparó para el primer año? ",
      "¿Cómo calificarías la utilidad de los contenidos abordados en la asignatura específica de tu carrera? ",
      "¿Cómo evaluarías el rol del docente en las clases dictadas por Zoom? ",
      "¿Consideras que los materiales de estudio (lecturas, actividades, recursos didácticos) fueron claros y accesibles para esta asignatura? _1",
      "¿Cómo calificarías la utilidad de los contenidos abordados en la asignatura \"Metodología para Optimizar el Aprendizaje\"? ",
      "¿Cómo evaluarías el rol de las docentes en el desarrollo de tu comprensión de los contenidos en la materia? ",
      "¿La asignatura te ayudó a integrarte mejor en la vida universitaria, especialmente en cuanto a aspectos administrativos y el uso del campus virtual? ",
      "¿Consideras que los materiales de estudio (lecturas, actividades, recursos didácticos) fueron claros y accesibles para esta asignatura? ",
      "¿Cómo calificarías la utilidad de los contenidos abordados en la asignatura \"Introducción a la Vida Universitaria\"? ",
      "¿La asignatura te brindó herramientas útiles para mejorar tu capacidad de aprendizaje durante el curso y en tu futura carrera universitaria? ",
      "¿Cómo evaluarías el rol del docente en cuanto a las respuestas dadas en los foros de consultas?  ",
      "¿Consideras que los materiales de estudio (lecturas, actividades, recursos didácticos) fueron claros y accesibles para esta asignatura? _2",
      "En general, ¿cómo calificarías tu experiencia en el curso de apoyo al ingreso? (Usá una escala del 1 al 10, siendo 1 muy negativa y 10 muy positiva) "
    ],
    "textoLibre": [
      "¿Qué aspectos del curso crees que podrían mejorar en futuras ediciones, tanto en la modalidad de cursada, cantidad de clases sincrónicas, materiales de estudio o cualquier otro aspecto que consideres relevante? Danos sugerencias. "
    ],
    "escalas": {
      "Respuesta": {
        "type": "numeric",
        "min": 13286,
        "max": 14976,
        "pattern": "pure-numeric",
        "detected": true
      },
      "Enviado el:": {
        "type": "numeric",
        "min": 2,
        "max": 4,
        "pattern": "pure-numeric",
        "detected": true
      },
      "ID": {
        "type": "numeric",
        "min": 11005,
        "max": 1233330,
        "pattern": "pure-numeric",
        "detected": true
      },
      "¿Cómo calificarías la utilidad de los contenidos abordados en la asignatura \"Introducción a la Vida Universitaria\"? ": {
        "type": "scale",
        "min": 1,
        "max": 5,
        "direction": "descending",
        "manual": true
      },
      "¿Consideras que los materiales de estudio (lecturas, actividades, recursos didácticos) fueron claros y accesibles para esta asignatura? ": {
        "type": "scale",
        "min": 1,
        "max": 5,
        "direction": "descending",
        "manual": true
      },
      "¿La asignatura te ayudó a integrarte mejor en la vida universitaria, especialmente en cuanto a aspectos administrativos y el uso del campus virtual? ": {
        "type": "scale",
        "min": 1,
        "max": 3,
        "labels": {
          "1": "Mucho",
          "2": "Bastante",
          "3": "Regular"
        },
        "pattern": "numeric-labeled",
        "detected": true
      },
      "¿Cómo evaluarías el rol de las docentes en el desarrollo de tu comprensión de los contenidos en la materia? ": {
        "type": "scale",
        "min": 1,
        "max": 5,
        "direction": "descending",
        "manual": true
      },
      "¿Cómo calificarías la utilidad de los contenidos abordados en la asignatura \"Metodología para Optimizar el Aprendizaje\"? ": {
        "type": "scale",
        "min": 1,
        "max": 5,
        "direction": "descending",
        "manual": true
      },
      "¿Consideras que los materiales de estudio (lecturas, actividades, recursos didácticos) fueron claros y accesibles para esta asignatura? _1": {
        "type": "scale",
        "min": 1,
        "max": 5,
        "direction": "descending",
        "manual": true
      },
      "¿La asignatura te brindó herramientas útiles para mejorar tu capacidad de aprendizaje durante el curso y en tu futura carrera universitaria? ": {
        "type": "scale",
        "min": 1,
        "max": 5,
        "direction": "descending",
        "manual": true
      },
      "¿Cómo evaluarías el rol del docente en las clases dictadas por Zoom? ": {
        "type": "scale",
        "min": 1,
        "max": 5,
        "direction": "descending",
        "manual": true
      },
      "¿Cómo evaluarías el rol del docente en cuanto a las respuestas dadas en los foros de consultas?  ": {
        "type": "scale",
        "min": 1,
        "max": 5,
        "direction": "descending",
        "manual": true
      },
      "¿Cómo calificarías la utilidad de los contenidos abordados en la asignatura específica de tu carrera? ": {
        "type": "scale",
        "min": 1,
        "max": 5,
        "direction": "descending",
        "manual": true
      },
      "¿Consideras que los materiales de estudio (lecturas, actividades, recursos didácticos) fueron claros y accesibles para esta asignatura? _2": {
        "type": "scale",
        "min": 1,
        "max": 5,
        "direction": "descending",
        "manual": true
      },
      "\r\n¿La asignatura específica de tu carrera te proporcionó un buen acercamiento a los contenidos de la misma y te preparó para el primer año? ": {
        "type": "scale",
        "min": 1,
        "max": 5,
        "direction": "descending",
        "manual": true
      },
      "¿Cómo evaluarías el rol del docente en las clases dictadas por Zoom? _1": {
        "type": "scale",
        "min": 1,
        "max": 5,
        "direction": "descending",
        "manual": true
      },
      "\r\n¿Cómo evaluarías el rol del docente en cuanto a las respuestas dadas en los foros de consultas?  ": {
        "type": "scale",
        "min": 1,
        "max": 5,
        "direction": "descending",
        "manual": true
      },
      "¿Consideras que el campus virtual facilitó la accesibilidad al contenido del curso y que las actividades propuestas fueron útiles para tu aprendizaje? ": {
        "type": "scale",
        "min": 1,
        "max": 5,
        "direction": "descending",
        "manual": true
      },
      "En general, ¿cómo calificarías tu experiencia en el curso de apoyo al ingreso? (Usá una escala del 1 al 10, siendo 1 muy negativa y 10 muy positiva) ": {
        "type": "scale",
        "min": 1,
        "max": 10,
        "direction": "ascending",
        "manual": true
      }
    },
    "created": "2025-12-01T20:43:18.517Z",
    "updated": "2025-12-19T16:18:00.942Z"
  },
  {
    "name": "Config_2025-12-26",
    "identificacion": [
      "Respuesta",
      "Enviado el:",
      "Institución",
      "Departamento",
      "Curso",
      "Grupo",
      "ID",
      "Nombre completo",
      "Usuario"
    ],
    "numericas": [
      "\r\nEn general, ¿cómo calificarías tu experiencia en el curso de apoyo al ingreso? (Usá una escala del 1 al 10, siendo 1 muy negativa y 10 muy positiva) ",
      "¿Cómo calificarías la utilidad de los contenidos abordados en la asignatura \"Introducción a la Vida Universitaria\"? ",
      "¿Consideras que los materiales de estudio (lecturas, actividades, recursos didácticos) fueron claros y accesibles para esta asignatura? ",
      "¿La asignatura te ayudó a integrarte mejor en la vida universitaria, especialmente en cuanto a aspectos administrativos y el uso del campus virtual? ",
      "¿Cómo evaluarías el rol de las docentes en el desarrollo de tu comprensión de los contenidos en la materia? ",
      "¿Cómo calificarías la utilidad de los contenidos abordados en la asignatura \"Metodología para Optimizar el Aprendizaje\"? ",
      "¿Consideras que los materiales de estudio (lecturas, actividades, recursos didácticos) fueron claros y accesibles para esta asignatura? _1",
      "¿La asignatura te brindó herramientas útiles para mejorar tu capacidad de aprendizaje durante el curso y en tu futura carrera universitaria? ",
      "¿Cómo evaluarías el rol del docente en las clases dictadas por Zoom? ",
      "¿Cómo evaluarías el rol del docente en cuanto a las respuestas dadas en los foros de consultas?  ",
      "¿Cómo calificarías la utilidad de los contenidos abordados en la asignatura específica de tu carrera? ",
      "¿Consideras que los materiales de estudio (lecturas, actividades, recursos didácticos) fueron claros y accesibles para esta asignatura? _2",
      "\r\n¿La asignatura específica de tu carrera te proporcionó un buen acercamiento a los contenidos de la misma y te preparó para el primer año? ",
      "¿Cómo evaluarías el rol del docente en las clases dictadas por Zoom? _1",
      "\r\n¿Cómo evaluarías el rol del docente en cuanto a las respuestas dadas en los foros de consultas?  ",
      "¿Consideras que el campus virtual facilitó la accesibilidad al contenido del curso y que las actividades propuestas fueron útiles para tu aprendizaje? ",
      "¿Qué aspectos del curso crees que podrían mejorar en futuras ediciones, tanto en la modalidad de cursada, cantidad de clases sincrónicas, materiales de estudio o cualquier otro aspecto que consideres relevante? Danos sugerencias. "
    ],
    "textoLibre": [],
    "escalas": {},
    "created": "2025-12-26T20:11:18.292Z",
    "updated": "2025-12-26T20:11:18.292Z"
  },
  {
    "name": "Config_2026-01-19",
    "identificacion": [
      "LLAVE_MAESTRA",
      "ID",
      "CARRERA",
      "MODALIDAD",
      "SEDE",
      "MATERIA",
      "DOCENTE",
      "COMISION"
    ],
    "numericas": [
      "La asignatura cumple con lo expresado en el programa analítico",
      "La bibliografía propuesta en el programa fue trabajada y utilizada a lo largo de la cursada",
      "El docente demostró dominio de los contenidos de la materia",
      "Las explicaciones brindadas por el docente fueron claras y se presentaron de manera ordenada.",
      "Los contenidos trabajados en la materia se vinculan con situaciones reales o futuras de la práctica profesional.",
      "Los recursos utilizados en clase -presentaciones, materiales, plataformas- facilitaron la comprensión de los contenidos.",
      "Durante la clase, el docente propuso actividades que facilitan la comprensión y promovió la participación activa de los estudiantes",
      "El docente se mostró respetuoso y disponible para responder consultas y brindar orientación durante la cursada.",
      "Las evaluaciones -parciales, recuperatorios, final- se ajustaron a los contenidos abordados durante la materia.",
      "El uso del aula virtual fue útil para mi experiencia en la cursada.",
      "¿Cuánto considera que aprendió en esta materia?",
      "¿Cómo evalúa a la materia en términos generales?",
      "¿Cómo evalúa el desempeño general del/la docente durante la cursada?"
    ],
    "textoLibre": [
      "¿Cómo describirías tu experiencia general en la materia y/o con el docente?"
    ],
    "escalas": {
      "La asignatura cumple con lo expresado en el programa analítico": {
        "type": "scale",
        "min": 1,
        "max": 10,
        "direction": "ascending",
        "manual": true
      },
      "La bibliografía propuesta en el programa fue trabajada y utilizada a lo largo de la cursada": {
        "type": "scale",
        "min": 1,
        "max": 10,
        "direction": "ascending",
        "manual": true
      },
      "El docente demostró dominio de los contenidos de la materia": {
        "type": "scale",
        "min": 1,
        "max": 10,
        "direction": "ascending",
        "manual": true
      },
      "Las explicaciones brindadas por el docente fueron claras y se presentaron de manera ordenada.": {
        "type": "scale",
        "min": 1,
        "max": 10,
        "direction": "ascending",
        "manual": true
      },
      "Los contenidos trabajados en la materia se vinculan con situaciones reales o futuras de la práctica profesional.": {
        "type": "scale",
        "min": 1,
        "max": 10,
        "direction": "ascending",
        "manual": true
      },
      "Los recursos utilizados en clase -presentaciones, materiales, plataformas- facilitaron la comprensión de los contenidos.": {
        "type": "scale",
        "min": 1,
        "max": 10,
        "direction": "ascending",
        "manual": true
      },
      "Durante la clase, el docente propuso actividades que facilitan la comprensión y promovió la participación activa de los estudiantes": {
        "type": "scale",
        "min": 1,
        "max": 10,
        "direction": "ascending",
        "manual": true
      },
      "El docente se mostró respetuoso y disponible para responder consultas y brindar orientación durante la cursada.": {
        "type": "scale",
        "min": 1,
        "max": 10,
        "direction": "ascending",
        "manual": true
      },
      "Las evaluaciones -parciales, recuperatorios, final- se ajustaron a los contenidos abordados durante la materia.": {
        "type": "scale",
        "min": 1,
        "max": 10,
        "direction": "ascending",
        "manual": true
      },
      "El uso del aula virtual fue útil para mi experiencia en la cursada.": {
        "type": "scale",
        "min": 1,
        "max": 10,
        "direction": "ascending",
        "manual": true
      },
      "¿Cuánto considera que aprendió en esta materia?": {
        "type": "scale",
        "min": 1,
        "max": 10,
        "direction": "ascending",
        "manual": true
      },
      "¿Cómo evalúa a la materia en términos generales?": {
        "type": "scale",
        "min": 1,
        "max": 10,
        "direction": "ascending",
        "manual": true
      }
    },
    "created": "2026-01-19T18:51:22.332Z",
    "updated": "2026-01-19T18:52:30.652Z"
  },
  {
    "name": "Config_2026-01-19 x",
    "identificacion": [
      "LLAVE_MAESTRA",
      "ID",
      "CARRERA",
      "MODALIDAD",
      "SEDE",
      "MATERIA",
      "DOCENTE",
      "COMISION"
    ],
    "numericas": [
      "La asignatura cumple con lo expresado en el programa analítico",
      "La bibliografía propuesta en el programa fue trabajada y utilizada a lo largo de la cursada",
      "El docente demostró dominio de los contenidos de la materia",
      "Las explicaciones brindadas por el docente fueron claras y se presentaron de manera ordenada.",
      "Los contenidos trabajados en la materia se vinculan con situaciones reales o futuras de la práctica profesional.",
      "Los recursos utilizados en clase -presentaciones, materiales, plataformas- facilitaron la comprensión de los contenidos.",
      "Durante la clase, el docente propuso actividades que facilitan la comprensión y promovió la participación activa de los estudiantes",
      "El docente se mostró respetuoso y disponible para responder consultas y brindar orientación durante la cursada.",
      "Las evaluaciones -parciales, recuperatorios, final- se ajustaron a los contenidos abordados durante la materia.",
      "El uso del aula virtual fue útil para mi experiencia en la cursada.",
      "¿Cuánto considera que aprendió en esta materia?",
      "¿Cómo evalúa a la materia en términos generales?",
      "¿Cómo evalúa el desempeño general del/la docente durante la cursada?"
    ],
    "textoLibre": [
      "¿Cómo describirías tu experiencia general en la materia y/o con el docente?"
    ],
    "escalas": {
      "La asignatura cumple con lo expresado en el programa analítico": {
        "type": "scale",
        "min": 1,
        "max": 10,
        "direction": "ascending",
        "manual": true
      },
      "La bibliografía propuesta en el programa fue trabajada y utilizada a lo largo de la cursada": {
        "type": "scale",
        "min": 1,
        "max": 10,
        "direction": "ascending",
        "manual": true
      },
      "El docente demostró dominio de los contenidos de la materia": {
        "type": "scale",
        "min": 1,
        "max": 10,
        "direction": "ascending",
        "manual": true
      },
      "Las explicaciones brindadas por el docente fueron claras y se presentaron de manera ordenada.": {
        "type": "scale",
        "min": 1,
        "max": 10,
        "direction": "ascending",
        "manual": true
      },
      "Los contenidos trabajados en la materia se vinculan con situaciones reales o futuras de la práctica profesional.": {
        "type": "scale",
        "min": 1,
        "max": 10,
        "direction": "ascending",
        "manual": true
      },
      "Los recursos utilizados en clase -presentaciones, materiales, plataformas- facilitaron la comprensión de los contenidos.": {
        "type": "scale",
        "min": 1,
        "max": 10,
        "direction": "ascending",
        "manual": true
      },
      "Durante la clase, el docente propuso actividades que facilitan la comprensión y promovió la participación activa de los estudiantes": {
        "type": "scale",
        "min": 1,
        "max": 10,
        "direction": "ascending",
        "manual": true
      },
      "El docente se mostró respetuoso y disponible para responder consultas y brindar orientación durante la cursada.": {
        "type": "scale",
        "min": 1,
        "max": 10,
        "direction": "ascending",
        "manual": true
      },
      "Las evaluaciones -parciales, recuperatorios, final- se ajustaron a los contenidos abordados durante la materia.": {
        "type": "scale",
        "min": 1,
        "max": 10,
        "direction": "ascending",
        "manual": true
      },
      "El uso del aula virtual fue útil para mi experiencia en la cursada.": {
        "type": "scale",
        "min": 1,
        "max": 10,
        "direction": "ascending",
        "manual": true
      },
      "¿Cuánto considera que aprendió en esta materia?": {
        "type": "scale",
        "min": 1,
        "max": 10,
        "direction": "ascending",
        "manual": true
      },
      "¿Cómo evalúa a la materia en términos generales?": {
        "type": "scale",
        "min": 1,
        "max": 10,
        "direction": "ascending",
        "manual": true
      },
      "¿Cómo evalúa el desempeño general del/la docente durante la cursada?": {
        "type": "scale",
        "min": 1,
        "max": 10,
        "direction": "ascending",
        "manual": true
      }
    },
    "created": "2026-01-19T19:22:28.852Z",
    "updated": "2026-01-19T19:22:48.237Z"
  },
  {
    "name": "Config_2026-02-03",
    "identificacion": [
      "LLAVE_MAESTRA",
      "ID",
      "CARRERA",
      "MODALIDAD",
      "SEDE",
      "MATERIA",
      "DOCENTE",
      "COMISION"
    ],
    "numericas": [
      "La asignatura cumple con lo expresado en el programa analítico",
      "La bibliografía propuesta en el programa fue trabajada y utilizada a lo largo de la cursada",
      "El docente demostró dominio de los contenidos de la materia",
      "Las explicaciones brindadas por el docente fueron claras y se presentaron de manera ordenada.",
      "Los contenidos trabajados en la materia se vinculan con situaciones reales o futuras de la práctica profesional.",
      "Los recursos utilizados en clase -presentaciones, materiales, plataformas- facilitaron la comprensión de los contenidos.",
      "Durante la clase, el docente propuso actividades que facilitan la comprensión y promovió la participación activa de los estudiantes",
      "El docente se mostró respetuoso y disponible para responder consultas y brindar orientación durante la cursada.",
      "Las evaluaciones -parciales, recuperatorios, final- se ajustaron a los contenidos abordados durante la materia.",
      "El uso del aula virtual fue útil para mi experiencia en la cursada.",
      "¿Cuánto considera que aprendió en esta materia?",
      "¿Cómo evalúa a la materia en términos generales?",
      "¿Cómo evalúa el desempeño general del/la docente durante la cursada?"
    ],
    "textoLibre": [
      "¿Cómo describirías tu experiencia general en la materia y/o con el docente?"
    ],
    "escalas": {},
    "created": "2026-02-03T14:10:54.881Z",
    "updated": "2026-02-03T14:10:54.881Z"
  },
  {
    "name": "Presencial",
    "identificacion": [
      "LLAVE_MAESTRA",
      "ID",
      "CARRERA",
      "MODALIDAD",
      "SEDE",
      "MATERIA",
      "DOCENTE",
      "COMISION"
    ],
    "numericas": [
      "La asignatura cumple con lo expresado en el programa analítico",
      "La bibliografía propuesta en el programa fue trabajada y utilizada a lo largo de la cursada",
      "El docente demostró dominio de los contenidos de la materia",
      "Las explicaciones brindadas por el docente fueron claras y se presentaron de manera ordenada.",
      "Los contenidos trabajados en la materia se vinculan con situaciones reales o futuras de la práctica profesional.",
      "Los recursos utilizados en clase -presentaciones, materiales, plataformas- facilitaron la comprensión de los contenidos.",
      "Durante la clase, el docente propuso actividades que facilitan la comprensión y promovió la participación activa de los estudiantes",
      "El docente se mostró respetuoso y disponible para responder consultas y brindar orientación durante la cursada.",
      "Las evaluaciones -parciales, recuperatorios, final- se ajustaron a los contenidos abordados durante la materia.",
      "El uso del aula virtual fue útil para mi experiencia en la cursada.",
      "¿Cuánto considera que aprendió en esta materia?",
      "¿Cómo evalúa a la materia en términos generales?",
      "¿Cómo evalúa el desempeño general del/la docente durante la cursada?"
    ],
    "textoLibre": [
      "¿Cómo describirías tu experiencia general en la materia y/o con el docente?"
    ],
    "escalas": {},
    "created": "2026-02-03T15:48:28.190Z",
    "updated": "2026-02-03T15:48:28.190Z"
  }
]