{
  "exportedFrom": "Diccionario Sentimientos v4",
  "timestamp": "2025-11-25T00:00:00.000Z",
  "info": "Archivo exportado para edición externa. Modifique solo el objeto 'dictionary'. Mantenga formato JSON válido.",
  "dictionary": {
    "normal": 0,
    "regular": 0,
    "bibliografía excesiva": -1,
    "demasiados artículos": -1,
    "largo": -2,
    "lento": -2,
    "pesado": -2,
    "caro": -2,
    "costoso": -2,
    "difícil": -2,
    "explica muy rápido": -2,
    "muchas horas": -2,
    "son demasiadas horas": -2,
    "teoría en exceso": -2,
    "clases muy largas": -2,
    "necesitan organizarse": -2,
    "falta de prácticas": -2,
    "temas muy por encima": -2,
    "menos virtualidad": -2,
    "no debería darse virtual": -2,
    "debe darse presencial": -2,
    "aburrido / aburrida": -3,
    "tedioso / tediosa": -3,
    "confuso": -3,
    "complicado": -3,
    "desmotivado": -3,
    "desorganizado": -3,
    "malo": -3,
    "no funciona": -3,
    "no me gusta": -3,
    "monótono": -3,
    "materia relleno": -3,
    "poco didácticas": -3,
    "se hacía entender poco": -3,
    "no se comprendieron": -3,
    "poco llamativa": -3,
    "falta organización": -3,
    "no desarrollados": -3,
    "desinteresado/a": -3,
    "preguntas subjetivas": -3,
    "tareas inadecuadas": -3,
    "poco explicadas": -3,
    "poco interesante": -3,
    "no hubo claridad": -3,
    "no me parece útil": -3,
    "habla constantemente": -3,
    "me cuesta mucho": -3,
    "no aporta": -3,
    "no la dieron": -3,
    "una lástima": -3,
    "una desilusión": -3,
    "un poco desorganizada": -3,
    "se vuelve pesada": -3,
    "incompleto": -3,
    "mal redactadas": -3,
    "incómodo": -3,
    "faltó enfoque": -3,
    "no es bueno": -3,
    "pocas ganas de enseñar": -3,
    "demasiado contenido": -3,
    "prácticas desorganizadas": -3,
    "sin respaldo teórico": -3,
    "muy redundante": -3,
    "no es dinámica": -3,
    "no saben desarrollarla": -3,
    "pesimista": -3,
    "clases no son útiles": -3,
    "mala organización": -3,
    "no logro entender": -3,
    "de forma apresurada": -3,
    "genera confusión": -3,
    "aportes eran vagos": -3,
    "muy autorreferencial": -3,
    "falta de contenido": -3,
    "criterios no son claros": -3,
    "un docente pesimista": -3,
    "no hay dinámicas": -3,
    "clases aburridas": -3,
    "no se le entendía": -4,
    "mal explicada": -4,
    "no se hizo entender": -4,
    "nunca fue claro": -4,
    "poca predisposición": -4,
    "le cuesta explicarlo": -4,
    "no explicaba": -4,
    "venía mal predispuesta": -4,
    "mal humor": -4,
    "consignas no son claras": -4,
    "falta de apoyo": -4,
    "malas formas": -4,
    "deberían cambiar docente": -4,
    "muy desorganizada": -4,
    "no hubo comunicación": -4,
    "organización deficiente": -4,
    "no son bien aprovechadas": -4,
    "solo leía": -4,
    "no nos dejó material": -4,
    "innecesaria": -4,
    "absurdo": -4,
    "decepcionante": -4,
    "defectuoso": -4,
    "deficiente": -4,
    "deplorable": -4,
    "frustrante": -4,
    "ineficiente": -4,
    "inestable": -4,
    "inseguro": -4,
    "insuficiente": -4,
    "inútil": -4,
    "lleno de problemas": -4,
    "mal": -4,
    "molesto": -4,
    "muy malo": -4,
    "no funciona bien": -4,
    "no lo recomiendo": -4,
    "no sirve": -4,
    "no vale la pena": -4,
    "pérdida de tiempo": -4,
    "poco confiable": -4,
    "problemático": -4,
    "quedé decepcionado": -4,
    "ridículo": -4,
    "sucio": -4,
    "muy poco dispuesta": -4,
    "falta de compromiso": -4,
    "falta de comprensión": -4,
    "desprestigia": -4,
    "no han sido flexibles": -4,
    "dejó mucho que desear": -4,
    "terrible": -4,
    "es desagradable": -4,
    "es prejuiciosa": -4,
    "no es clara": -4,
    "genera miedo": -4,
    "carece de paciencia": -4,
    "actitud condescendiente": -4,
    "clima tenso": -4,
    "no fomenta participación": -4,
    "falta de humildad": -4,
    "poca paciencia": -4,
    "faltaba dominio": -4,
    "ejemplos muy vagos": -4,
    "nula comunicación": -4,
    "bastante mediocre": -4,
    "súper aburridas": -4,
    "va a cumplir horario": -4,
    "no productivo": -4,
    "no se comprometió": -4,
    "no corrigió": -4,
    "organización vaga": -4,
    "muy pobre": -4,
    "poco manejo": -4,
    "no fue satisfactorio": -4,
    "demora de corrección": -4,
    "genera dudas": -4,
    "resultó aburrido": -4,
    "falta retroalimentación": -4,
    "preguntas ambiguas": -4,
    "sin sentido educativo": -4,
    "muy poca explicación": -4,
    "no contesta los mensajes": -4,
    "poca empatía": -4,
    "poco satisfactoria": -4,
    "difícil de entender": -4,
    "no fueron suficientes": -4,
    "no explica": -4,
    "no es claro": -4,
    "no da clase": -4,
    "no saca dudas": -4,
    "falta claridad": -4,
    "muy confusos": -4,
    "no ayudaba": -4,
    "no corrigieron a tiempo": -4,
    "apuntes inentendibles": -4,
    "respuestas soberbias": -4,
    "no tienen ganas": -4,
    "súper desorganizada": -4,
    "no respondían las dudas": -4,
    "no me sentí acompañada": -4,
    "ningún aprendizaje nuevo": -4,
    "falta de didáctica": -4,
    "no fue apropiada": -4,
    "no sentí que contribuyera": -4,
    "no me parece adecuada": -4,
    "no esta a la altura": -4,
    "fue tediosa": -4,
    "generó incertidumbre": -4,
    "genera frustración": -4,
    "desmotivación": -4,
    "muy malas devoluciones": -4,
    "no me gustaron": -4,
    "poco dinamismo": -4,
    "no fue correcta": -4,
    "no tuve devolución": -4,
    "faltó refuerzo": -4,
    "mucho contenido": -4,
    "de poco valor": -4,
    "no pude seguir el ritmo": -4,
    "manera de evaluar terrible": -4,
    "no aclaraba muy bien": -4,
    "faltó compromiso": -4,
    "no es entretenida": -4,
    "poca comunicación": -4,
    "poco entendimiento": -4,
    "mal organizada": -4,
    "con pocas ganas": -4,
    "se iba por las ramas": -4,
    "nos confundía": -4,
    "docente intolerante": -4,
    "demuestra fastidio": -4,
    "falta de conocimiento": -4,
    "no se podía conectar": -4,
    "llegaba tarde": -4,
    "subestima a los alumnos": -4,
    "mal genio": -4,
    "soberbia": -4,
    "respuestas irónicas": -4,
    "sin ganas de explicar": -4,
    "difícil de cursar": -4,
    "no se comunica": -4,
    "no me dio una devolución": -4,
    "nunca obtuve respuesta": -4,
    "dificulta el aprendizaje": -4,
    "no motiva": -4,
    "necesita mejor preparación": -4,
    "falta más interacción": -4,
    "no estuvo presente": -4,
    "fue deficiente": -4,
    "no fue comprensivo": -4,
    "no se relaciona": -4,
    "fue injusto": -4,
    "no contesta": -4,
    "no responde los mensajes": -4,
    "no dio clases": -4,
    "no tienen información": -4,
    "no han sido respondidas": -4,
    "no aparece": -4,
    "respondía tarde": -4,
    "no nos contesta": -4,
    "tarda mucho en contestar": -4,
    "dominio bajo": -4,
    "no conocí la docente": -4,
    "no hubo presencia": -4,
    "no coincidió": -4,
    "no fue buena": -4,
    "cambio de formato": -4,
    "te podés copiar": -4,
    "no se aprende así": -4,
    "contenidos no pertinentes": -4,
    "no es necesaria": -4,
    "no hicimos nada": -4,
    "no me gustó mucho": -4,
    "no tiene sentido": -4,
    "más interacción": -4,
    "dispersión": -4,
    "se pierde la dinámica": -4,
    "muy complicado": -4,
    "videos malos y aburridos": -4,
    "desprolijidad": -4,
    "inconvenientes": -4,
    "muy desorganizado": -4,
    "nunca tuvimos acompañamiento": -4,
    "ni una respuesta": -4,
    "clases desordenadas": -4,
    "falta de comunicación": -4,
    "retroalimentación nula": -4,
    "no tenemos respuestas": -4,
    "horarios estaban mal": -4,
    "no avisan fechas": -4,
    "falta de conexión": -4,
    "tardaba mucho responder": -4,
    "muy colgada": -4,
    "quedaba en la nada": -4,
    "falto organización": -4,
    "fue desprolijo": -4,
    "no recibimos contestación": -4,
    "poco profesional": -5,
    "muy pedante": -5,
    "muy mala profesora": -5,
    "peor materia": -5,
    "catástrofe": -5,
    "peor de lo esperado": -5,
    "súper malo": -5,
    "una porquería": -5,
    "fue decepcionante": -5,
    "falta de profesionalismo": -5,
    "fue una decepción": -5,
    "delirios de grandeza": -5,
    "muy mala educación": -5,
    "trata mal": -5,
    "gran deficiencia": -5,
    "cero didáctico": -5,
    "cero pedagógico": -5,
    "desastroso": -5,
    "horrible": -5,
    "inaceptable": -5,
    "inadecuado": -5,
    "insoportable": -5,
    "intolerable": -5,
    "lamentable": -5,
    "nefasto": -5,
    "negativa": -5,
    "patético": -5,
    "pésimo": -5,
    "un desastre": -5,
    "vergonzoso": -5,
    "contestaba mal": -5,
    "no tiene buen trato": -5,
    "fue muy irrespetuosa": -5,
    "no demostró empatía": -5,
    "contestaba burlando": -5,
    "te avergüenza": -5,
    "cree tener la razón": -5,
    "no aprendí nada": -5,
    "respondía mal": -5,
    "malísimo": -5,
    "es muy irrespetuosa": -5,
    "trato agresivo": -5,
    "falta más empatía": -5,
    "maltrato": -5,
    "humor horrible": -5,
    "carece de empatía": -5,
    "respuestas agresivas": -5,
    "lastima la docente": -5,
    "falta de respeto": -5,
    "malos modos": -5,
    "pésima la materia": -5,
    "un terror de docente": -5,
    "es una burra": -5,
    "nunca apareció": -5,
    "no sabe nada": -5,
    "nadie puede aprender": -5,
    "no aprendés nada": -5,
    "no se aprendió nada": -5,
    "no aprendí": -5,
    "excelente": 5,
    "extraordinario": 5,
    "impecable": 5,
    "increíble": 5,
    "magnífico": 5,
    "maravilloso": 5,
    "perfecto": 5,
    "sobresaliente": 5,
    "superó mis expectativas": 5,
    "todo perfecto": 5,
    "admirables": 4,
    "brillante": 4,
    "espectacular": 4,
    "fantástico": 4,
    "fenomenal": 4,
    "genial": 4,
    "lo recomiendo": 4,
    "me encanta": 4,
    "me gusta mucho": 4,
    "muy bueno": 4,
    "súper bueno": 4,
    "mejor de lo esperado": 4,
    "bueno": 3,
    "agradable": 3,
    "alegre": 3,
    "claro": 3,
    "confiable": 3,
    "contento": 3,
    "efectivo": 3,
    "eficiente": 3,
    "estupendo": 3,
    "feliz": 3,
    "funciona bien": 3,
    "me gusta": 3,
    "organizado": 3,
    "profesional": 3,
    "quedé satisfecho": 3,
    "recomendable": 3,
    "satisfecho": 3,
    "seguro": 3,
    "sólido": 3,
    "útil": 3,
    "vale la pena": 3,
    "valioso": 3,
    "accesible": 2,
    "adecuado": 2,
    "amigable": 2,
    "bien": 2,
    "cómodo": 2,
    "conveniente": 2,
    "decente": 2,
    "económico": 2,
    "fácil": 2,
    "funcional": 2,
    "limpio": 2,
    "óptimo": 2,
    "práctico": 2,
    "rápido": 2,
    "sin problemas": 2,
    "suficiente": 2,
    "superior": 2,
    "barato": 1,
    "aceptable": 1,
    "está bien": 1
  },
  "ignored_phrases": [
    "-",
    ".",
    "...",
    "¿",
    "?",
    "sin comentario",
    "sin comentarios",
    "s/c",
    "n/a",
    "na",
    "ninguno",
    "ninguna",
    "nada"
  ]
}