{
  "name": "diccionario-sentimientos (7)vvasfvasffvg",
  "dictionary": {
    "excelente": 5,
    "extraordinario": 5,
    "extraordinaria": 5,
    "impecable": 5,
    "increíble": 5,
    "magnífico": 5,
    "magnífica": 5,
    "maravilloso": 5,
    "maravillosa": 5,
    "perfecto": 5,
    "perfecta": 5,
    "sobresaliente": 5,
    "superó mis expectativas": 5,
    "todo perfecto": 5,
    "todo perfecta": 5,
    "admirables": 4,
    "brillante": 4,
    "espectacular": 4,
    "fantástico": 4,
    "fantástica": 4,
    "fenomenal": 4,
    "genial": 4,
    "lo recomiendo": 4,
    "lo recomienda": 4,
    "me encanta": 4,
    "me encanto": 4,
    "me gusta mucho": 4,
    "me gusta mucha": 4,
    "muy bueno": 4,
    "muy buena": 4,
    "súper bueno": 4,
    "súper buena": 4,
    "mejor de lo esperado": 4,
    "mejor de lo esperada": 4,
    "bueno": 3,
    "buena": 3,
    "agradable": 3,
    "alegre": 3,
    "claro": 3,
    "clara": 3,
    "confiable": 3,
    "contento": 3,
    "contenta": 3,
    "efectivo": 3,
    "efectiva": 3,
    "eficiente": 3,
    "estupendo": 3,
    "estupenda": 3,
    "feliz": 3,
    "funciona bien": 3,
    "me gusta": 3,
    "me gusto": 3,
    "organizado": 3,
    "organizada": 3,
    "profesional": 3,
    "quedé satisfecho": 3,
    "quedé satisfecha": 3,
    "recomendable": 3,
    "satisfecho": 3,
    "satisfecha": 3,
    "seguro": 3,
    "segura": 3,
    "sólido": 3,
    "sólida": 3,
    "útil": 3,
    "vale la pena": 3,
    "valioso": 3,
    "valiosa": 3,
    "accesible": 2,
    "adecuado": 2,
    "adecuada": 2,
    "amigable": 2,
    "bien": 2,
    "cómodo": 2,
    "cómoda": 2,
    "conveniente": 2,
    "decente": 2,
    "económico": 2,
    "económica": 2,
    "fácil": 2,
    "funcional": 2,
    "limpio": 2,
    "limpia": 2,
    "óptimo": 2,
    "óptima": 2,
    "práctico": 2,
    "práctica": 2,
    "rápido": 2,
    "rápida": 2,
    "sin problemas": 2,
    "suficiente": 2,
    "superior": 2,
    "barato": 1,
    "barata": 1,
    "aceptable": 1,
    "está bien": 1,
    "bibliografía excesiva": -1,
    "bibliografía excesivo": -1,
    "demasiados artículos": -1,
    "largo": -2,
    "larga": -2,
    "lento": -2,
    "lenta": -2,
    "pesado": -2,
    "pesada": -2,
    "caro": -2,
    "cara": -2,
    "costoso": -2,
    "costosa": -2,
    "difícil": -2,
    "explica muy rápido": -2,
    "explica muy rápida": -2,
    "muchas horas": -2,
    "son demasiadas horas": -2,
    "teoría en exceso": -2,
    "clases muy largas": -2,
    "necesitan organizarse": -2,
    "falta de prácticas": -2,
    "temas muy por encima": -2,
    "menos virtualidad": -2,
    "no debería darse virtual": -2,
    "debe darse presencial": -2,
    "aburrido": -3,
    "aburrida": -3,
    "tedioso": -3,
    "tediosa": -3,
    "confuso": -3,
    "confusa": -3,
    "complicado": -3,
    "complicada": -3,
    "desmotivado": -3,
    "desmotivada": -3,
    "desorganizado": -3,
    "desorganizada": -3,
    "malo": -3,
    "mala": -3,
    "no funciona": -3,
    "no funciono": -3,
    "no me gusta": -3,
    "no me gusto": -3,
    "monótono": -3,
    "monótona": -3,
    "materia relleno": -3,
    "poco didácticas": -3,
    "poco didácticos": -3,
    "se hacía entender poco": -3,
    "no se comprendieron": -3,
    "poco llamativa": -3,
    "poco llamativo": -3,
    "falta organización": -3,
    "no desarrollados": -3,
    "desinteresado": -3,
    "desinteresada": -3,
    "preguntas subjetivas": -3,
    "tareas inadecuadas": -3,
    "poco explicadas": -3,
    "poco explicados": -3,
    "poco interesante": -3,
    "no hubo claridad": -3,
    "no me parece útil": -3,
    "habla constantemente": -3,
    "me cuesta mucho": -3,
    "me cuesta mucha": -3,
    "no aporta": -3,
    "no aporto": -3,
    "no la dieron": -3,
    "una lástima": -3,
    "una lástimo": -3,
    "una desilusión": -3,
    "un poco desorganizada": -3,
    "un poco desorganizado": -3,
    "se vuelve pesada": -3,
    "se vuelve pesado": -3,
    "incompleto": -3,
    "incompleta": -3,
    "mal redactadas": -3,
    "mal redactados": -3,
    "incómodo": -3,
    "incómoda": -3,
    "faltó enfoque": -3,
    "no es bueno": -3,
    "no es buena": -3,
    "pocas ganas de enseñar": -3,
    "demasiado contenido": -3,
    "prácticas desorganizadas": -3,
    "sin respaldo teórico": -3,
    "sin respaldo teórica": -3,
    "muy redundante": -3,
    "no es dinámica": -3,
    "no es dinámico": -3,
    "no saben desarrollarla": -3,
    "no saben desarrollarlo": -3,
    "pesimista": -3,
    "clases no son útiles": -3,
    "mala organización": -3,
    "no logro entender": -3,
    "de forma apresurada": -3,
    "genera confusión": -3,
    "aportes eran vagos": -3,
    "muy autorreferencial": -3,
    "falta de contenido": -3,
    "falta de contenida": -3,
    "criterios no son claros": -3,
    "un docente pesimista": -3,
    "no hay dinámicas": -3,
    "clases aburridas": -3,
    "dudoso": -3,
    "dudosa": -3,
    "no se le entendía": -4,
    "no se le entendió": -4,
    "mal explicada": -4,
    "mal explicado": -4,
    "no se hizo entender": -4,
    "nunca fue claro": -4,
    "nunca fue clara": -4,
    "poca predisposición": -4,
    "le cuesta explicarlo": -4,
    "le cuesta explicarla": -4,
    "no explicaba": -4,
    "no explica": -4,
    "venía mal predispuesta": -4,
    "venía mal predispuesto": -4,
    "mal humor": -4,
    "malhumor": -4,
    "consignas no son claras": -4,
    "falta de apoyo": -4,
    "malas formas": -4,
    "deberían cambiar docente": -4,
    "muy desorganizada": -4,
    "muy desorganizado": -4,
    "no hubo comunicación": -4,
    "organización deficiente": -4,
    "no son bien aprovechadas": -4,
    "no son bien aprovechados": -4,
    "solo leía": -4,
    "no nos dejó material": -4,
    "innecesaria": -4,
    "innecesario": -4,
    "absurdo": -4,
    "absurda": -4,
    "decepcionante": -4,
    "defectuoso": -4,
    "defectuosa": -4,
    "deficiente": -4,
    "deplorable": -4,
    "frustrante": -4,
    "ineficiente": -4,
    "inestable": -4,
    "inseguro": -4,
    "insegura": -4,
    "insuficiente": -4,
    "inútil": -4,
    "lleno de problemas": -4,
    "mal": -4,
    "molesto": -4,
    "molesta": -4,
    "muy malo": -4,
    "muy mala": -4,
    "no funciona bien": -4,
    "no lo recomiendo": -4,
    "no lo recomienda": -4,
    "no sirve": -4,
    "no vale la pena": -4,
    "pérdida de tiempo": -4,
    "poco confiable": -4,
    "problemático": -4,
    "problemática": -4,
    "quedé decepcionado": -4,
    "quedé decepcionada": -4,
    "ridículo": -4,
    "ridícula": -4,
    "sucio": -4,
    "sucia": -4,
    "muy poco dispuesta": -4,
    "muy poco dispuesto": -4,
    "falta de compromiso": -4,
    "falta de comprensión": -4,
    "desprestigia": -4,
    "desprestigio": -4,
    "no han sido flexibles": -4,
    "dejó mucho que desear": -4,
    "terrible": -4,
    "desagradable": -4,
    "prejuiciosa": -4,
    "prejuicioso": -4,
    "no es clara": -4,
    "no es claro": -4,
    "genera miedo": -4,
    "carece de paciencia": -4,
    "actitud condescendiente": -4,
    "clima tenso": -4,
    "no fomenta participación": -4,
    "falta de humildad": -4,
    "poca paciencia": -4,
    "faltaba dominio": -4,
    "ejemplos muy vagos": -4,
    "nula comunicación": -4,
    "bastante mediocre": -4,
    "súper aburridas": -4,
    "va a cumplir horario": -4,
    "no productivo": -4,
    "no productiva": -4,
    "no se comprometió": -4,
    "no corrigió": -4,
    "organización vaga": -4,
    "muy pobre": -4,
    "poco manejo": -4,
    "poco maneja": -4,
    "no fue satisfactorio": -4,
    "no fue satisfactoria": -4,
    "demora de corrección": -4,
    "genera dudas": -4,
    "resultó aburrido": -4,
    "resultó aburrida": -4,
    "falta retroalimentación": -4,
    "preguntas ambiguas": -4,
    "sin sentido educativo": -4,
    "sin sentido educativa": -4,
    "muy poca explicación": -4,
    "no contesta los mensajes": -4,
    "poca empatía": -4,
    "poca empatío": -4,
    "poco satisfactoria": -4,
    "poco satisfactorio": -4,
    "difícil de entender": -4,
    "no fueron suficientes": -4,
    "no explico": -4,
    "no da clase": -4,
    "no saca dudas": -4,
    "falta claridad": -4,
    "muy confusos": -4,
    "no ayudaba": -4,
    "no corrigieron a tiempo": -4,
    "apuntes inentendibles": -4,
    "respuestas soberbias": -4,
    "no tienen ganas": -4,
    "súper desorganizada": -4,
    "súper desorganizado": -4,
    "no respondían las dudas": -4,
    "no me sentí acompañada": -4,
    "no me sentí acompañado": -4,
    "ningún aprendizaje nuevo": -4,
    "ningún aprendizaje nueva": -4,
    "falta de didáctica": -4,
    "falta de didáctico": -4,
    "no fue apropiada": -4,
    "no fue apropiado": -4,
    "no sentí que contribuyera": -4,
    "no me parece adecuada": -4,
    "no me parece adecuado": -4,
    "no esta a la altura": -4,
    "fue tediosa": -4,
    "fue tedioso": -4,
    "generó incertidumbre": -4,
    "genera frustración": -4,
    "desmotivación": -4,
    "muy malas devoluciones": -4,
    "no me gustaron": -4,
    "poco dinamismo": -4,
    "poco dinamisma": -4,
    "no fue correcta": -4,
    "no fue correcto": -4,
    "no tuve devolución": -4,
    "faltó refuerzo": -4,
    "mucho contenido": -4,
    "de poco valor": -4,
    "no pude seguir el ritmo": -4,
    "manera de evaluar terrible": -4,
    "no aclaraba muy bien": -4,
    "faltó compromiso": -4,
    "no es entretenida": -4,
    "no es entretenido": -4,
    "poca comunicación": -4,
    "poco entendimiento": -4,
    "mal organizada": -4,
    "mal organizado": -4,
    "con pocas ganas": -4,
    "se iba por las ramas": -4,
    "nos confundía": -4,
    "nos confundío": -4,
    "docente intolerante": -4,
    "demuestra fastidio": -4,
    "falta de conocimiento": -4,
    "no se podía conectar": -4,
    "llegaba tarde": -4,
    "subestima a los alumnos": -4,
    "mal genio": -4,
    "soberbia": -4,
    "soberbio": -4,
    "respuestas irónicas": -4,
    "sin ganas de explicar": -4,
    "difícil de cursar": -4,
    "no se comunica": -4,
    "no se comunico": -4,
    "no me dio una devolución": -4,
    "nunca obtuve respuesta": -4,
    "dificulta el aprendizaje": -4,
    "no motiva": -4,
    "no motivo": -4,
    "necesita mejor preparación": -4,
    "falta más interacción": -4,
    "no estuvo presente": -4,
    "fue deficiente": -4,
    "no fue comprensivo": -4,
    "no fue comprensiva": -4,
    "no se relaciona": -4,
    "no se relaciono": -4,
    "fue injusto": -4,
    "fue injusta": -4,
    "no contesta": -4,
    "no contesto": -4,
    "no responde los mensajes": -4,
    "no dio clases": -4,
    "no tienen información": -4,
    "no han sido respondidas": -4,
    "no aparece": -4,
    "respondía tarde": -4,
    "no nos contesta": -4,
    "no nos contesto": -4,
    "tarda mucho en contestar": -4,
    "dominio bajo": -4,
    "no conocí la docente": -4,
    "no hubo presencia": -4,
    "no coincidió": -4,
    "no fue buena": -4,
    "no fue bueno": -4,
    "cambio de formato": -4,
    "te podés copiar": -4,
    "no se aprende así": -4,
    "contenidos no pertinentes": -4,
    "no es necesaria": -4,
    "no es necesario": -4,
    "no hicimos nada": -4,
    "no me gustó mucho": -4,
    "no tiene sentido": -4,
    "más interacción": -4,
    "dispersión": -4,
    "se pierde la dinámica": -4,
    "se pierde la dinámico": -4,
    "muy complicado": -4,
    "muy complicada": -4,
    "videos malos y aburridos": -4,
    "desprolijidad": -4,
    "inconvenientes": -4,
    "nunca tuvimos acompañamiento": -4,
    "ni una respuesta": -4,
    "clases desordenadas": -4,
    "falta de comunicación": -4,
    "retroalimentación nula": -4,
    "retroalimentación nulo": -4,
    "no tenemos respuestas": -4,
    "horarios estaban mal": -4,
    "no avisan fechas": -4,
    "falta de conexión": -4,
    "tardaba mucho responder": -4,
    "muy colgada": -4,
    "muy colgado": -4,
    "quedaba en la nada": -4,
    "falto organización": -4,
    "fue desprolijo": -4,
    "fue desprolija": -4,
    "no recibimos contestación": -4,
    "poco profesional": -5,
    "muy pedante": -5,
    "muy mala profesora": -5,
    "peor materia": -5,
    "catástrofe": -5,
    "peor de lo esperado": -5,
    "súper malo": -5,
    "súper mala": -5,
    "una porquería": -5,
    "una porquerío": -5,
    "fue decepcionante": -5,
    "falta de profesionalismo": -5,
    "fue una decepción": -5,
    "delirios de grandeza": -5,
    "muy mala educación": -5,
    "trata mal": -5,
    "gran deficiencia": -5,
    "cero didáctico": -5,
    "cero didáctica": -5,
    "cero pedagógico": -5,
    "cero pedagógica": -5,
    "desastroso": -5,
    "desastrosa": -5,
    "horrible": -5,
    "inaceptable": -5,
    "inadecuado": -5,
    "inadecuada": -5,
    "insoportable": -5,
    "intolerable": -5,
    "lamentable": -5,
    "nefasto": -5,
    "nefasta": -5,
    "negativa": -5,
    "negativo": -5,
    "patético": -5,
    "patética": -5,
    "pésimo": -5,
    "pésima": -5,
    "un desastre": -5,
    "vergonzoso": -5,
    "vergonzosa": -5,
    "contestaba mal": -5,
    "no tiene buen trato": -5,
    "fue muy irrespetuosa": -5,
    "fue muy irrespetuoso": -5,
    "no demostró empatía": -5,
    "contestaba burlando": -5,
    "te avergüenza": -5,
    "te avergüenzo": -5,
    "cree tener la razón": -5,
    "no aprendí nada": -5,
    "respondía mal": -5,
    "malísimo": -5,
    "malísima": -5,
    "es muy irrespetuosa": -5,
    "es muy irrespetuoso": -5,
    "trato agresivo": -5,
    "trato agresiva": -5,
    "falta más empatía": -5,
    "maltrato": -5,
    "maltrata": -5,
    "humor horrible": -5,
    "carece de empatía": -5,
    "respuestas agresivas": -5,
    "lastima la docente": -5,
    "falta de respeto": -5,
    "malos modos": -5,
    "pésima la materia": -5,
    "un terror de docente": -5,
    "es una burra": -5,
    "es un burro": -5,
    "nunca apareció": -5,
    "no sabe nada": -5,
    "nadie puede aprender": -5,
    "no aprendés nada": -5,
    "no se aprendió nada": -5,
    "no aprendí": -5
  },
  "ignored_phrases": [
    "-",
    ".",
    "...",
    "¿",
    "?",
    "sin comentario",
    "sin comentarios",
    "s/c",
    "n/a",
    "na",
    "ninguno",
    "ninguna",
    "nada",
    "ignore martin testing"
  ],
  "wordCount": 539,
  "created": "2026-01-30T21:36:28.259Z",
  "imported": true
}