{"name":"Diccionario Sentimientos v4","created":"2025-11-25T00:00:00.000Z","wordCount":541,"dictionary":{"normal":0,"regular":0,"bibliografÃ­a excesiva":-1,"bibliografÃ­a excesivo":-1,"demasiados artÃ­culos":-1,"largo":-2,"larga":-2,"lento":-2,"lenta":-2,"pesado":-2,"pesada":-2,"caro":-2,"cara":-2,"costoso":-2,"costosa":-2,"difÃ­cil":-2,"explica muy rÃ¡pido":-2,"explica muy rÃ¡pida":-2,"muchas horas":-2,"son demasiadas horas":-2,"teorÃ­a en exceso":-2,"clases muy largas":-2,"necesitan organizarse":-2,"falta de prÃ¡cticas":-2,"temas muy por encima":-2,"menos virtualidad":-2,"no deberÃ­a darse virtual":-2,"debe darse presencial":-2,"aburrido":-3,"aburrida":-3,"tedioso":-3,"tediosa":-3,"confuso":-3,"confusa":-3,"complicado":-3,"complicada":-3,"desmotivado":-3,"desmotivada":-3,"desorganizado":-3,"desorganizada":-3,"malo":-3,"mala":-3,"no funciona":-3,"no funciono":-3,"no me gusta":-3,"no me gusto":-3,"monÃ³tono":-3,"monÃ³tona":-3,"materia relleno":-3,"poco didÃ¡cticas":-3,"poco didÃ¡cticos":-3,"se hacÃ­a entender poco":-3,"no se comprendieron":-3,"poco llamativa":-3,"poco llamativo":-3,"falta organizaciÃ³n":-3,"no desarrollados":-3,"desinteresado":-3,"desinteresada":-3,"preguntas subjetivas":-3,"tareas inadecuadas":-3,"poco explicadas":-3,"poco explicados":-3,"poco interesante":-3,"no hubo claridad":-3,"no me parece Ãºtil":-3,"habla constantemente":-3,"me cuesta mucho":-3,"me cuesta mucha":-3,"no aporta":-3,"no aporto":-3,"no la dieron":-3,"una lÃ¡stima":-3,"una lÃ¡stimo":-3,"una desilusiÃ³n":-3,"un poco desorganizada":-3,"un poco desorganizado":-3,"se vuelve pesada":-3,"se vuelve pesado":-3,"incompleto":-3,"incompleta":-3,"mal redactadas":-3,"mal redactados":-3,"incÃ³modo":-3,"incÃ³moda":-3,"faltÃ³ enfoque":-3,"no es bueno":-3,"no es buena":-3,"pocas ganas de enseÃ±ar":-3,"demasiado contenido":-3,"prÃ¡cticas desorganizadas":-3,"sin respaldo teÃ³rico":-3,"sin respaldo teÃ³rica":-3,"muy redundante":-3,"no es dinÃ¡mica":-3,"no es dinÃ¡mico":-3,"no saben desarrollarla":-3,"no saben desarrollarlo":-3,"pesimista":-3,"clases no son Ãºtiles":-3,"mala organizaciÃ³n":-3,"no logro entender":-3,"de forma apresurada":-3,"genera confusiÃ³n":-3,"aportes eran vagos":-3,"muy autorreferencial":-3,"falta de contenido":-3,"falta de contenida":-3,"criterios no son claros":-3,"un docente pesimista":-3,"no hay dinÃ¡micas":-3,"clases aburridas":-3,"no se le entendÃ­a":-4,"no se le entendiÃ³":-4,"mal explicada":-4,"mal explicado":-4,"no se hizo entender":-4,"nunca fue claro":-4,"nunca fue clara":-4,"poca predisposiciÃ³n":-4,"le cuesta explicarlo":-4,"le cuesta explicarla":-4,"no explicaba":-4,"no explica":-4,"venÃ­a mal predispuesta":-4,"venÃ­a mal predispuesto":-4,"mal humor":-4,"malhumor":-4,"dudoso":-3,"dudosa":-3,"consignas no son claras":-4,"falta de apoyo":-4,"malas formas":-4,"deberÃ­an cambiar docente":-4,"muy desorganizada":-4,"muy desorganizado":-4,"no hubo comunicaciÃ³n":-4,"organizaciÃ³n deficiente":-4,"no son bien aprovechadas":-4,"no son bien aprovechados":-4,"solo leÃ­a":-4,"no nos dejÃ³ material":-4,"innecesaria":-4,"innecesario":-4,"absurdo":-4,"absurda":-4,"decepcionante":-4,"defectuoso":-4,"defectuosa":-4,"deficiente":-4,"deplorable":-4,"frustrante":-4,"ineficiente":-4,"inestable":-4,"inseguro":-4,"insegura":-4,"insuficiente":-4,"inÃºtil":-4,"lleno de problemas":-4,"mal":-4,"molesto":-4,"molesta":-4,"muy malo":-4,"muy mala":-4,"no funciona bien":-4,"no lo recomiendo":-4,"no lo recomienda":-4,"no sirve":-4,"no vale la pena":-4,"pÃ©rdida de tiempo":-4,"poco confiable":-4,"problemÃ¡tico":-4,"problemÃ¡tica":-4,"quedÃ© decepcionado":-4,"quedÃ© decepcionada":-4,"ridÃ­culo":-4,"ridÃ­cula":-4,"sucio":-4,"sucia":-4,"muy poco dispuesta":-4,"muy poco dispuesto":-4,"falta de compromiso":-4,"falta de comprensiÃ³n":-4,"desprestigia":-4,"desprestigio":-4,"no han sido flexibles":-4,"dejÃ³ mucho que desear":-4,"terrible":-4,"desagradable":-4,"prejuiciosa":-4,"prejuicioso":-4,"no es clara":-4,"no es claro":-4,"genera miedo":-4,"carece de paciencia":-4,"actitud condescendiente":-4,"clima tenso":-4,"no fomenta participaciÃ³n":-4,"falta de humildad":-4,"poca paciencia":-4,"faltaba dominio":-4,"ejemplos muy vagos":-4,"nula comunicaciÃ³n":-4,"bastante mediocre":-4,"sÃºper aburridas":-4,"va a cumplir horario":-4,"no productivo":-4,"no productiva":-4,"no se comprometiÃ³":-4,"no corrigiÃ³":-4,"organizaciÃ³n vaga":-4,"muy pobre":-4,"poco manejo":-4,"poco maneja":-4,"no fue satisfactorio":-4,"no fue satisfactoria":-4,"demora de correcciÃ³n":-4,"genera dudas":-4,"resultÃ³ aburrido":-4,"resultÃ³ aburrida":-4,"falta retroalimentaciÃ³n":-4,"preguntas ambiguas":-4,"sin sentido educativo":-4,"sin sentido educativa":-4,"muy poca explicaciÃ³n":-4,"no contesta los mensajes":-4,"poca empatÃ­a":-4,"poca empatÃ­o":-4,"poco satisfactoria":-4,"poco satisfactorio":-4,"difÃ­cil de entender":-4,"no fueron suficientes":-4,"no explico":-4,"no da clase":-4,"no saca dudas":-4,"falta claridad":-4,"muy confusos":-4,"no ayudaba":-4,"no corrigieron a tiempo":-4,"apuntes inentendibles":-4,"respuestas soberbias":-4,"no tienen ganas":-4,"sÃºper desorganizada":-4,"sÃºper desorganizado":-4,"no respondÃ­an las dudas":-4,"no me sentÃ­ acompaÃ±ada":-4,"no me sentÃ­ acompaÃ±ado":-4,"ningÃºn aprendizaje nuevo":-4,"ningÃºn aprendizaje nueva":-4,"falta de didÃ¡ctica":-4,"falta de didÃ¡ctico":-4,"no fue apropiada":-4,"no fue apropiado":-4,"no sentÃ­ que contribuyera":-4,"no me parece adecuada":-4,"no me parece adecuado":-4,"no esta a la altura":-4,"fue tediosa":-4,"fue tedioso":-4,"generÃ³ incertidumbre":-4,"genera frustraciÃ³n":-4,"desmotivaciÃ³n":-4,"muy malas devoluciones":-4,"no me gustaron":-4,"poco dinamismo":-4,"poco dinamisma":-4,"no fue correcta":-4,"no fue correcto":-4,"no tuve devoluciÃ³n":-4,"faltÃ³ refuerzo":-4,"mucho contenido":-4,"de poco valor":-4,"no pude seguir el ritmo":-4,"manera de evaluar terrible":-4,"no aclaraba muy bien":-4,"faltÃ³ compromiso":-4,"no es entretenida":-4,"no es entretenido":-4,"poca comunicaciÃ³n":-4,"poco entendimiento":-4,"mal organizada":-4,"mal organizado":-4,"con pocas ganas":-4,"se iba por las ramas":-4,"nos confundÃ­a":-4,"nos confundÃ­o":-4,"docente intolerante":-4,"demuestra fastidio":-4,"falta de conocimiento":-4,"no se podÃ­a conectar":-4,"llegaba tarde":-4,"subestima a los alumnos":-4,"mal genio":-4,"soberbia":-4,"soberbio":-4,"respuestas irÃ³nicas":-4,"sin ganas de explicar":-4,"difÃ­cil de cursar":-4,"no se comunica":-4,"no se comunico":-4,"no me dio una devoluciÃ³n":-4,"nunca obtuve respuesta":-4,"dificulta el aprendizaje":-4,"no motiva":-4,"no motivo":-4,"necesita mejor preparaciÃ³n":-4,"falta mÃ¡s interacciÃ³n":-4,"no estuvo presente":-4,"fue deficiente":-4,"no fue comprensivo":-4,"no fue comprensiva":-4,"no se relaciona":-4,"no se relaciono":-4,"fue injusto":-4,"fue injusta":-4,"no contesta":-4,"no contesto":-4,"no responde los mensajes":-4,"no dio clases":-4,"no tienen informaciÃ³n":-4,"no han sido respondidas":-4,"no aparece":-4,"respondÃ­a tarde":-4,"no nos contesta":-4,"no nos contesto":-4,"tarda mucho en contestar":-4,"dominio bajo":-4,"no conocÃ­ la docente":-4,"no hubo presencia":-4,"no coincidiÃ³":-4,"no fue buena":-4,"no fue bueno":-4,"cambio de formato":-4,"te podÃ©s copiar":-4,"no se aprende asÃ­":-4,"contenidos no pertinentes":-4,"no es necesaria":-4,"no es necesario":-4,"no hicimos nada":-4,"no me gustÃ³ mucho":-4,"no tiene sentido":-4,"mÃ¡s interacciÃ³n":-4,"dispersiÃ³n":-4,"se pierde la dinÃ¡mica":-4,"se pierde la dinÃ¡mico":-4,"muy complicado":-4,"muy complicada":-4,"videos malos y aburridos":-4,"desprolijidad":-4,"inconvenientes":-4,"nunca tuvimos acompaÃ±amiento":-4,"ni una respuesta":-4,"clases desordenadas":-4,"falta de comunicaciÃ³n":-4,"retroalimentaciÃ³n nula":-4,"retroalimentaciÃ³n nulo":-4,"no tenemos respuestas":-4,"horarios estaban mal":-4,"no avisan fechas":-4,"falta de conexiÃ³n":-4,"tardaba mucho responder":-4,"muy colgada":-4,"muy colgado":-4,"quedaba en la nada":-4,"falto organizaciÃ³n":-4,"fue desprolijo":-4,"fue desprolija":-4,"no recibimos contestaciÃ³n":-4,"poco profesional":-5,"muy pedante":-5,"muy mala profesora":-5,"peor materia":-5,"catÃ¡strofe":-5,"peor de lo esperado":-5,"sÃºper malo":-5,"sÃºper mala":-5,"una porquerÃ­a":-5,"una porquerÃ­o":-5,"fue decepcionante":-5,"falta de profesionalismo":-5,"fue una decepciÃ³n":-5,"delirios de grandeza":-5,"muy mala educaciÃ³n":-5,"trata mal":-5,"gran deficiencia":-5,"cero didÃ¡ctico":-5,"cero didÃ¡ctica":-5,"cero pedagÃ³gico":-5,"cero pedagÃ³gica":-5,"desastroso":-5,"desastrosa":-5,"horrible":-5,"inaceptable":-5,"inadecuado":-5,"inadecuada":-5,"insoportable":-5,"intolerable":-5,"lamentable":-5,"nefasto":-5,"nefasta":-5,"negativa":-5,"negativo":-5,"patÃ©tico":-5,"patÃ©tica":-5,"pÃ©simo":-5,"pÃ©sima":-5,"un desastre":-5,"vergonzoso":-5,"vergonzosa":-5,"contestaba mal":-5,"no tiene buen trato":-5,"fue muy irrespetuosa":-5,"fue muy irrespetuoso":-5,"no demostrÃ³ empatÃ­a":-5,"contestaba burlando":-5,"te avergÃ¼enza":-5,"te avergÃ¼enzo":-5,"cree tener la razÃ³n":-5,"no aprendÃ­ nada":-5,"respondÃ­a mal":-5,"malÃ­simo":-5,"malÃ­sima":-5,"es muy irrespetuosa":-5,"es muy irrespetuoso":-5,"trato agresivo":-5,"trato agresiva":-5,"falta mÃ¡s empatÃ­a":-5,"maltrato":-5,"maltrata":-5,"humor horrible":-5,"carece de empatÃ­a":-5,"respuestas agresivas":-5,"lastima la docente":-5,"falta de respeto":-5,"malos modos":-5,"pÃ©sima la materia":-5,"un terror de docente":-5,"es una burra":-5,"es un burro":-5,"nunca apareciÃ³":-5,"no sabe nada":-5,"nadie puede aprender":-5,"no aprendÃ©s nada":-5,"no se aprendiÃ³ nada":-5,"no aprendÃ­":-5,"excelente":5,"extraordinario":5,"extraordinaria":5,"impecable":5,"increÃ­ble":5,"magnÃ­fico":5,"magnÃ­fica":5,"maravilloso":5,"maravillosa":5,"perfecto":5,"perfecta":5,"sobresaliente":5,"superÃ³ mis expectativas":5,"todo perfecto":5,"todo perfecta":5,"admirables":4,"brillante":4,"espectacular":4,"fantÃ¡stico":4,"fantÃ¡stica":4,"fenomenal":4,"genial":4,"lo recomiendo":4,"lo recomienda":4,"me encanta":4,"me encanto":4,"me gusta mucho":4,"me gusta mucha":4,"muy bueno":4,"muy buena":4,"sÃºper bueno":4,"sÃºper buena":4,"mejor de lo esperado":4,"mejor de lo esperada":4,"bueno":3,"buena":3,"agradable":3,"alegre":3,"claro":3,"clara":3,"confiable":3,"contento":3,"contenta":3,"efectivo":3,"efectiva":3,"eficiente":3,"estupendo":3,"estupenda":3,"feliz":3,"funciona bien":3,"me gusta":3,"me gusto":3,"organizado":3,"organizada":3,"profesional":3,"quedÃ© satisfecho":3,"quedÃ© satisfecha":3,"recomendable":3,"satisfecho":3,"satisfecha":3,"seguro":3,"segura":3,"sÃ³lido":3,"sÃ³lida":3,"Ãºtil":3,"vale la pena":3,"valioso":3,"valiosa":3,"accesible":2,"adecuado":2,"adecuada":2,"amigable":2,"bien":2,"cÃ³modo":2,"cÃ³moda":2,"conveniente":2,"decente":2,"econÃ³mico":2,"econÃ³mica":2,"fÃ¡cil":2,"funcional":2,"limpio":2,"limpia":2,"Ã³ptimo":2,"Ã³ptima":2,"prÃ¡ctico":2,"prÃ¡ctica":2,"rÃ¡pido":2,"rÃ¡pida":2,"sin problemas":2,"suficiente":2,"superior":2,"barato":1,"barata":1,"aceptable":1,"estÃ¡ bien":1},"ignored_phrases":["-",".","...","Â¿","?","sin comentario","sin comentarios","s/c","n/a","na","ninguno","ninguna","nada"]}